Portfolio ID,Portfolio Owner Name,Gross Floor Area (sq ft),Largest Property Type,Portfolio Approval Date,Emissions Compliance Status,Total GHG Emissions (kgCO2e),GHG Emissions Intensity (kgCO2e/sq ft),Applicable Emissions Compliance Standard (kgCO2e/sq ft),Applicable Emissions Compliance Standard for Individual Compliance Schedules (kg CO2e),Flexibility Measures,First Emissions Compliance Year,Member BERDO IDs
P10001,Fenway CDC,228883,Multifamily Housing,2024-08-12,Pending Review from BERDO Team,,,4.1,,Building Portfolio,2025,"100457,101540,102922,102923,104924"
P10002,WGBH,321009,Assembly,2024-09-23,Pending Review from BERDO Team,,,12.3,,Building Portfolio,2025,"106737,107176"
P10003,Isabella Stewart Gardner Museum,134830,Assembly,2024-09-23,Pending Review from BERDO Team,,,7.8,,Building Portfolio,2025,"103900,103901"
P10004,Codman Square Health Center,99655,Healthcare,2024-09-23,Pending Review from BERDO Team,,,12.3,,Building Portfolio,2025,"102347,107048"
P10005,Pebblebrook Hotel Trust,1865787,Lodging,2024-09-23,Pending Review from BERDO Team,,,5.6,,Building Portfolio,2025,"104091,104671,105298,106837"
P10006,Berklee College of Music,849335,College / University,2024-10-15,Pending Review from BERDO Team,,,10.2,,Building Portfolio,2025,"100630,100631,100632,100635,100636,100637,100639,100640,100641,100642,100643,100760,107962"
P10007,Boston College,3329885,College / University,2024-10-15,Pending Review from BERDO Team,,,10.2,,Building Portfolio,2025,"100742,100743,100744,100745,100746,100747,100748,100749,100750,100751,100753,100756,106289,106290,106291,106292,106293,106294,106295,106296,106297,106298,106299,106300,106301,107050,107052,107053,107054,107055,107062,108083"
P10008,"Bismarck Street Owner, LLC",378900,Multifamily Housing,2024-10-15,Pending Reporting,,,4.1,,Building Portfolio,2025,"100674,108051"
P10009,Emerson College,1448291,College / University,2024-10-28,Pending Review from BERDO Team,,,10.1,,Building Portfolio,2025,"102811,102813,102814,102815,102816,102817,102818,102819,102820,102821"
P10010,Boston Center for the Arts,204623,Assembly,2024-10-28,Pending Reporting,,,7.8,,Building Portfolio,2025,"100732,100734,100737"
P10011,Beth Israel Deaconess Medical Center,3214227,Healthcare,2024-11-12,Pending Reporting,,,14.4,,Building Portfolio,2025,"100648,100649,100651,100652,104550,108021"
P10012,YMCA,408203,Assembly,2024-11-25,Pending Review from BERDO Team,,,7.2,,Building Portfolio,2025,"101300,106786,106787,106788,106792,107138,107861"
P10013,DiamondRock Hospitality Co,1327127,Lodging,2025-01-13,In Compliance,5512424.2,4.2,5.8,,Building Portfolio,2025,"102654,104232"
P10014,The Community Builders,505688,Multifamily Housing,2025-01-13,Pending Reporting,,,4.3,,Building Portfolio,2025,"100086,100261,101419,101729,104619,104620,106067,106771,107627,107628"
P10015,The City of Boston,17607562,Education,2025-01-13,Pending Review from BERDO Team,,,5.3,,Building Portfolio,2025,"101203,101204,101211,101787,101793,101794,101819,101820,101821,101822,101823,101824,101825,101826,101827,101828,101829,101831,101832,101833,101835,101881,101883,101884,101885,101886,101888,101889,101890,101891,101892,101894,101898,101899,101903,101904,101905,101906,101912,101913,101914,101915,101917,101918,101919,101921,101923,101924,101925,101926,101927,101928,101929,101930,101931,101932,101933,101934,101937,101938,101939,101940,101945,101946,101947,101949,101951,101953,101955,101956,101957,101958,101959,101960,101982,101983,101984,101985,101986,101987,101988,101990,101991,102002,102003,102006,102008,102009,102010,102011,102012,102013,102014,102016,102017,102018,102019,102020,102021,102022,102023,102024,102025,102063,102064,102065,102066,102067,102068,102070,102071,102072,102073,102074,102075,102076,102077,102079,102080,102081,102082,102083,102084,102085,102086,102088,102089,102090,102091,102092,102093,102094,102096,102097,102098,102099,102100,102101,102102,102104,102105,102106,102107,102108,102109,102110,102111,102112,102113,102115,102121,102122,102124,102125,102126,102127,102128,102129,102130,102133,102134,102135,102136,102137,102138,102140,102141,102142,102143,102144,102145,102146,102147,102148,102149,102150,102151,102152,102153,102155,102157,102162,102163,102166,102167,102168,102711,102765,102863,102864,102865,104461,104696,105218,106855,106856,106857,106858,106859,106860,106861,106862,106863,106864,106865,106866,106867,106868,106869,106870,106871,106872,106873,106874,106875,106876,106877,106882,106883,106884,106885,106887,106888,106893,106894,106895,106896,106898,106899,106901,106902,106903,106904,106905,106906,106907,106908,106909,106911,106914,106917,106919,106920,106921,106924,106925,106926,106928,106930,106932,106933,106934,106935,106937,106940,106941,106942,106943,106945,106946,106947,106948,106949,106952,106953,106955,106960,106961,106962,106963,106964,106971,106973,106976,106977,106978,107000,107001,107007,107009,107013,107014,107019,107020,107021,107022,107023,107026,107038,107177,107179,107180,107181,107183,107184,107185,107186,107187,107188,107191,107192,107193,107194,107195,107196,107197,107198,107199,107200,107201,107202,107203,107204,107205,107207,107209,107210,107216,107217,107219,107220,107221,107222,107223,107225,107228,107229,107230,107232,107234,107235,107236,107237,107238,107239,107240,107241,107242,107243,107244,107245,107246,107247,107255,107256,107257,107258,107259,107262,107264,107277,107278,108034,108035,108036,108039,108040,108041,108042,108043,108044,108045,108046,108047,108070,108220,108224,C10008,C10011,C10012,C10016,C10017,C10018,C10019,C10020,C10046,C10047,C10049,C10054,C10056,C10058"
P10016,Codman Square NDC,555396,Multifamily Housing,2025-03-10,Pending Reporting,,,12.3,,Building Portfolio,2025,"103315,104838,104880,106052,106060,106422,106659,106660,106661,106662,107172,107174,107646,107769,107770,107771,107772,108088,108100,108101"
P10017,The Children's Hospital Corporation,1813723,Healthcare,2025-03-10,Pending Reporting,,,15.9,,Building Portfolio,2025,"101755,101756,101757,101758,106098"
P10018,Wentworth Institute of Technology Inc,7531781,College / University,2025-03-10,Pending Reporting,,,10.1,,Building Portfolio,2025,"106702,106703,106704,106706,106707,106708,106709,106711,106712,106713,106714,106715,106716,107091,107092,107093,107094,107095,107096,107097,107098,107102,107103,107104,107105,107106,107107,C10041,C10042"
P10019,Stony Brook Condominium Trust,83634,Multifamily Housing,2025-03-10,Pending Reporting,,,4.1,,Building Portfolio,2025,"105975,105976"
P10020,WinnCompanies,1258855,Multifamily Housing,2025-03-10,Pending Reporting,,,4.1,,Building Portfolio,2025,"101434,102304,102558,104457,104462,104464,104469,104473,104474,104480,104547,104822,105054,107151,107152,108103,108104"
P10021,NB Development Group,1259226,Assembly,2025-03-10,Pending Review from BERDO Team,,,9.6,,Building Portfolio,2025,"101179,102518,103869,105246,105259,105260,105262"
P10022,Madison Park Development Corporation,783488,Multifamily Housing,2025-03-10,Pending Reporting,,,4.1,,Building Portfolio,2025,"100647,104147,104150,104152,104153,104157,105565,105830,107154,107574,107598,107601,107605,107610,108105,108106,108107"
P10023,Urban Edge Housing Corporation,669370,Multifamily Housing,2025-03-10,Pending Reporting,,,4.1,,Building Portfolio,2025,"100272,100391,100529,101683,102778,102779,103586,104065,106437,106524,106617,106638,106731,106757,107153,107443,107537,107539,107767,107809,107946,107947,107949,107950,108081,108102"
P10024,Tufts University,894864,Technology / Science,2025-04-14,Pending Reporting,,,15.9,,Building Portfolio,2025,"104526,106280,106340,106341,106343,106348"
P10025,Avalon Bay Communitites,2128464,Multifamily Housing,2025-04-14,Pending Reporting,,,4.2,,Building Portfolio,2025,"100482,100483,100484,100485,101345,108113"
P10026,Boston Medical Center,1316691,Healthcare,2025-04-28,Pending Reporting,,,14.4,,Building Portfolio,2025,"101181,101188,101191,101195"
P10027,Boston University,10558014,College / University,2025-04-28,Pending Review from BERDO Team,,,,80293239.1,"Building Portfolio, Individual Compliance Schedule",2025,"100670,101233,101234,101235,101236,101237,101238,101239,101240,101241,101242,101243,101244,101245,101247,101249,101250,101251,101252,101255,101256,101257,101259,101260,101261,101262,101263,101264,101265,101266,101267,101268,101269,101270,101271,101272,101273,101274,101275,101277,101278,101279,101280,101281,101282,101284,101285,101286,101287,101288,101289,101290,101292,101293,103306,105805,106277,106281,106284,106285,106286,106287,106288,106306,106307,106308,106309,106310,106311,106312,106313,106314,106315,106316,106317,106318,106319,106320,106321,106322,106323,107063,107067,107068,107069,107070,107071,107072,107073,107077,107079,107080,107081,107082,107083,107084,107085,107086,107087,107088,107089,107090,107108,107748,108048,C10097,C10111"
P10028,Massachusetts General Brigham,10872016,Healthcare,2025-04-28,Pending Reporting,,,15.3,,Building Portfolio,2025,"100771,101208,101424,101425,101426,101526,102496,102834,102900,103121,103178,103191,103194,104085,104222,104234,104235,104416,105303,105876,106096,106097,106099,106100,106824,106825,106826,107282,107924,108168,C10028,C10044"
P10029,Pine Street Inn,191499,Lodging,2025-05-12,Pending Reporting,,,5.8,,Building Portfolio,2025,"100810,105069,105072,106614"
P10030,Boston Properties Limited Partnership,9153350,Office,2025-05-12,Pending Review from BERDO Team,,,5.4,,Building Portfolio,2025,"101331,101332,101334,101336,101337,101342,101346,105131,107955"
P10031,Donato Pizzuti,324326,Multifamily Housing,2025-09-08,Pending Review from BERDO Team,,,4.3,,Building Portfolio,2025,"102921,103131,105079,105080,105081,105083,105084,107665,107669,107670,107671,107672"
P10032,Boston Housing Authority,146238621,Multifamily Housing,2025-08-25,Pending Reporting,,,4.1,,Building Portfolio,2025,"100772,100773,100788,100790,100792,100793,100794,100795,100796,100797,100798,100799,100800,100801,100802,100803,100804,100805,100807,100808,100809,100811,100812,100813,100814,100815,100816,100817,100818,100819,100820,100822,100823,100824,100825,100826,100827,100828,100829,100830,100831,100832,100833,100834,100835,100836,100837,100838,100839,100840,100841,100842,100843,100844,100845,100846,100847,100848,100849,100850,100851,100852,100853,100854,100855,100856,100857,100858,100859,100860,100889,100890,100891,100892,100893,100894,100895,100896,100897,100898,100899,100903,100904,100906,100907,100908,100910,100911,100913,100914,100915,100918,100920,100921,100923,100924,100927,100928,100929,100930,100932,100933,100936,100937,100938,100939,100940,100942,100943,100944,100945,100946,100952,100953,100954,100956,100962,100963,100964,100966,100968,100969,100970,100971,100972,100973,100974,100975,100976,100977,100978,100979,100980,100981,100982,100983,100984,100985,100986,100987,100988,100989,100990,100991,100992,100993,100994,100995,100996,100997,100998,100999,101000,101001,101002,101003,101004,101005,101006,101007,101008,101009,101010,101011,101012,101013,101014,101015,101016,101017,101018,101019,101020,101021,101022,101023,101024,101025,101026,101027,101028,101029,101030,101031,101032,101033,101034,101035,101036,101037,101038,101039,101040,101041,101042,101043,101044,101045,101046,101047,101048,101049,101050,101051,101052,101053,101054,101055,101056,101057,101058,101059,101060,101061,101062,101063,101064,101065,101066,101067,101068,101069,101070,101071,101072,101073,101074,101075,101076,101077,101078,101079,101080,101081,101082,101083,101084,101085,101086,101087,101088,101089,101090,101091,101092,101093,101094,101095,101096,101097,101098,101099,101100,101101,101102,101103,101104,101105,101106,101107,101108,101109,101110,101111,101112,101113,101114,101115,101116,101117,101118,101119,101120,101121,101122,101123,101124,101125,101126,101127,101128,101129,101130,101131,101132,101133,101134,101135,101136,101137,101138,101139,101140,101141,101142,101143,101144,101145,101146,101147,101148,101149,101150,101151,101152,101153,101154,101155,101156,101157,101158,101159,101160,101161,101162,101163,101164,101165,101166,101167,101168,101169,101170,101171,101173,101174,101175,101178,101837,101838,101839,101840,101841,101842,101843,101844,101845,101846,101847,101848,101849,101850,101851,101852,101853,101854,101855,101856,101857,101858,101859,101860,101861,101862,101867,101868,101870,101871,101872,101873,101874,101875,101877,101907,101908,101909,101910,101911,101961,101962,101963,101965,101966,101967,101968,101969,101970,101971,101972,101973,101974,101975,101978,101979,101980,101981,101993,101994,101995,101996,101997,101998,101999,102000,102001,102026,102027,102028,102029,102030,102031,102032,102033,102034,102035,102037,102038,102039,102040,102041,102042,102043,102044,102045,102046,102047,102048,102049,102050,102051,102052,102053,102054,102055,102056,102057,102058,102059,102060,102061,102116,102117,102118,102119,102120,103648,103649,103650,103651,103652,103654,103655,103656,103657,103658,103659,103660,106831,106832,106833,107155,107156,107157,107158,107159,107160,107161,107162,107163,107164,107168,107373,107863,107864,107865,107866,107867,107868,107869,107870,107871,107875,107876,107877,107878,107879,107880,107881,107882,107883,107884,107885,107892,107899,107900,107901,107902,107928,107930,107931,107932,107933,107939,107940,107941,107943,107944,107945,108090,108091,108092,C10102"
P10033,Nuestra Comunidad Development Corporation,730746,Multifamily Housing,2025-10-14,Pending Reporting,,,4.1,,Building Portfolio,2025,"100306,100307,100541,102626,102802,103968,104037,104038,104799,105610,106668,107357,107528,107554,107555,107693,108089,108114,108115,108116"
P10034,Tufts Medical Center,1938045,Healthcare,2025-10-14,Pending Review from BERDO Team,,,15.1,,Building Portfolio,2025,"103813,103814,104610,106342,107254,C10105"
P10035,Harvard Univeristy,8157645,College / University,2025-10-14,Pending Review from BERDO Team,,,9.7,,Building Portfolio,2025,"100153,103513,103514,103516,103517,103518,103519,103520,103521,103522,103523,103524,103525,103526,103532,103533,103534,103535,103536,103537,103538,103539,103540,103541,103542,103543,103545,103546,103547,103548,103549,103550,103551,103552,103553,103554,103555,103556,103557,103558,103559,103560,103561,103562,103563,103564,103565,103566,103568,103569,103570,103571,103572,103574,103575,103576,103577,103580,103588,103590,103591,103592,103594,103990,105173,105178,105179,105183,105184,105185,105186,105187,105189,105190,105968,106819,106820,106823,107134,C10109"
P10036,Northeastern University,7013930,College / University,2026-01-26,Pending Reporting,,,10.2,,Building Portfolio,2025,"100113,104702,104703,104704,104705,104706,104707,104708,104709,104710,104711,104712,104713,104714,104715,104717,104718,104719,104720,104721,104723,104724,104725,104726,104728,104729,104730,104731,104732,104733,104735,104736,104737,104738,104740,104741,104743,104744,104745,104746,104747,104748,104749,104750,104751,104752,104753,104754,104755,104756,104757,104758,104759,104760,104761,104762,104767,104768,104770,104771,104774,104775,104776,105168,107639,108037,108038,108167,C10059,V10001,V10002,V10003,V10004"
P10037,Boston Water & Sewer Commission,726326,Office,2026-09-14,In Compliance,1675824.7,2.3,5.6,,Building Portfolio,2025,"101296,101297,101299"
